{"cameraMode":{"drawMode":0,"name":"Shaded","section":"Shading Mode"},"sceneLighting":true,"audioPlay":false,"sceneViewState":{"showFog":true,"showMaterialUpdate":false,"showSkybox":true,"showFlares":true,"showImageEffects":true,"showParticleSystems":true},"in2DMode":false,"pivot":{"x":3.19435715675354,"y":4.702807903289795,"z":-8.810606002807618},"rotation":{"x":0.13498486578464509,"y":-0.6831910610198975,"z":0.13068337738513947,"w":0.7056845426559448},"size":2.1685104370117189,"orthographic":false}